Entid,T4_Payroll,PD7_AvgEmp_12,PD7_AvgEmp_NonZero,total_assets,total_liabilities,total_shareholder_equity,total_current_assets,total_tangible_assets,tot_acum_amort_tangible_assets,total_intangible_assets,tot_acum_amort_intang_assets,total_current_liabilities,land,buildings,machinery_and_equipment,total_revenue,total_expenses,farm_total_revenue,farm_total_expenses,farm_net_income,total_cost_of_sales,gross_profits,net_income_befor_taxextraitems,sales_goods_and_services,net_income_after_taxextraitems,opening_inventory,closing_inventory,total_operating_expenses,amortization_tangible_assets,amortization_intangible_assets,SRED_Expenditures,SRED_ITC_Earned,SRED_ITC_Current_at_35Percent,SRED_ITC_Capital_at_35Percent,SRED_ITC_Current_at_20Percent,SRED_ITC_Capital_at_20Percent,SRED_Deducted_PartI,SRED_from_partnership,SRED_refunded,SRED_carried_back_1year,SRED_carried_back_2years,SRED_carried_back_3years,OPAddressProvince,LegalTypeCode,NonProfitCode,NAICS,EntMultiEstablishmentFlag,EntMultiLocationFlag,EntMultiProvinceFlag,EntMultiActivityFlag,FiscalStartDate,FiscalEndDate,BirthDate,BusinessStatusCode,IncorporationDate,Purchases_cost_of_materials,capital_cost_allowance,NbBN_filedT4,NbBN_filedPD7,NbBN_filedT2,CCPC
1,1483724,572,322,5456395,2211968,959171,1967030,594554,14205,189594,1547,3983764,249448,456486,152118,2538092,4144019,238589,29874,116836,166348,476048,276666,89957,363680,68348,193615,101158,238077,52744,205835,374693,380056,120587,166378,63766,374096,58920,438103,194250,111492,191995,QC,4,2,32,0,-1,0,0,2000-12-31,2001-12-31,1980-12-31,0,1980-12-31,31749,54263,6,4,7,1
2,1456384,463,333,6224033,2766692,3024197,2082175,1459217,241395,147057,108247,1313197,141791,457089,495504,296012,4395610,489985,135121,172631,52374,249361,96777,13736,107393,312272,59796,153369,474793,26254,17871,252689,185053,240350,417847,419752,444263,247546,402783,331950,147952,189402,NS,6,0,34,0,-1,0,-1,2001-12-31,2002-12-31,1981-12-31,1,1981-12-31,311658,378178,7,4,9,1
3,1036225,843,547,358559,3367744,4593093,2285519,1535199,367049,162880,239675,3292801,277738,138043,350393,5065266,4627027,205874,171149,137979,440409,115154,296853,435286,222496,266506,34268,95028,347646,246058,408403,82529,186483,169756,365034,442377,458881,456405,199540,65088,94407,245200,AB,5,0,65,-1,-1,-1,0,2002-12-31,2003-12-31,1982-12-31,2,1982-12-31,93853,495263,8,8,2,0
4,1757276,707,969,4483491,1252692,1906198,303102,4499045,158262,251546,343065,1250584,128920,18283,227420,4491168,4617946,234572,358760,197122,164251,383780,479183,222297,328111,340712,357892,243259,51784,89902,161151,83298,47734,140578,144881,241205,413158,208639,471159,255181,396635,405710,SK,9,0,53,0,-1,-1,0,2003-12-31,2004-12-31,1983-12-31,4,1983-12-31,368365,408705,9,5,5,1
5,4542104,353,162,2230164,3680603,2059064,215894,1417984,101130,152572,4901,3200194,316901,356584,16674,3415540,4278901,121782,309829,202399,447855,42729,428410,236477,63994,136912,457579,213224,206730,314365,110469,268076,353455,41713,321137,197310,138380,127862,451691,166747,232749,26402,QC,3,0,35,-1,0,0,-1,2004-12-31,2005-12-31,1984-12-31,0,1984-12-31,96305,182584,7,8,1,1
6,3217184,18,918,6640737,1254660,3420202,3713220,1816608,361322,40245,360710,2858717,292643,151210,79817,1234259,4900497,495680,257660,497179,22094,333417,23299,406961,225072,121493,386492,245842,235889,301757,110116,25494,495133,383095,214257,484352,454974,278285,461724,367345,158370,401031,BC,9,0,81,0,0,-1,0,2005-12-31,2006-12-31,1985-12-31,3,1985-12-31,98287,248929,9,5,4,1
7,2276981,469,835,9520157,267886,1139616,848016,836095,283891,214889,37244,2826851,211123,295448,316361,5223946,2079779,12282,237068,372027,448761,470184,376262,75856,290202,265076,138333,134557,376735,465740,227337,11873,86309,121393,62513,169467,431360,415489,188847,489622,178469,372186,NL,9,2,70,-1,0,-1,-1,2006-12-31,2007-12-31,1986-12-31,4,1986-12-31,417681,108607,2,7,3,0
8,3918546,806,91,2753854,4988016,1220965,3269261,3425353,172801,40922,76115,1069136,206930,411301,492799,2959524,4741239,257820,422272,340039,272655,303521,430142,118350,370487,274263,251699,83584,200126,287128,455129,359170,340751,326003,96932,63931,165974,431094,172013,117736,303967,438996,ON,3,0,46,0,-1,-1,-1,2007-12-31,2008-12-31,1987-12-31,5,1987-12-31,442257,109527,1,3,6,1
9,1156315,821,483,146658,4288536,1068675,3009423,3293149,178841,195610,444093,3309111,343024,272224,156083,9066116,3863142,54855,173512,170464,473374,486344,319110,458678,85299,402120,309627,276241,87250,102949,126354,37045,215776,467196,282593,219594,437923,352348,6941,211081,232172,257926,BC,4,2,47,0,0,-1,0,2008-12-31,2009-12-31,1988-12-31,3,1988-12-31,245490,71512,2,9,5,0
10,4327576,937,339,5999203,2509907,1807530,1773024,85418,117374,446098,157301,2061753,406574,155626,417115,8322982,940479,339670,433492,366623,33672,318840,32631,366958,45969,379037,479320,470711,229527,297650,102827,446749,111492,355665,419342,128992,493794,382000,468998,246283,163219,495330,NT,4,1,67,-1,-1,-1,-1,2009-12-31,2010-12-31,1989-12-31,3,1989-12-31,234411,316980,6,9,7,1
11,3631936,432,499,6656711,2431230,1742045,3554699,4151768,213641,48182,149764,944845,426381,193669,392743,2873450,1376724,108461,386153,294882,431155,410430,74639,154756,351874,340377,74544,270252,482298,59061,367798,138328,49021,126912,347853,357671,316190,362179,166750,497195,245036,168965,SK,2,0,48,0,-1,0,0,2010-12-31,2011-12-31,1990-12-31,7,1990-12-31,428382,29014,9,1,2,0
12,1156083,908,602,4802547,187092,4531431,1567138,2561077,441054,237082,368549,53150,258071,238284,142990,8110648,1250257,199303,476143,426981,317278,342478,66273,378908,190532,239926,67870,442660,459684,34539,467571,486976,338160,120052,271334,94167,499163,220855,345877,87569,374455,315511,NU,6,2,91,-1,0,-1,-1,2011-12-31,2012-12-31,1991-12-31,1,1991-12-31,301306,60545,2,3,1,0
13,2132747,131,981,7392860,3458336,2092514,4790914,638464,165259,146046,301741,4386990,112808,29732,2331,6697596,2203835,406717,295007,424214,20701,177427,499611,67807,180418,75006,416446,256209,314059,374805,234168,281972,210933,47687,115898,197713,72641,16183,217863,159427,287048,401288,NT,9,0,93,0,-1,0,0,2012-12-31,2013-12-31,1992-12-31,1,1992-12-31,39119,356470,8,2,8,0
14,1786773,665,753,5125034,1708179,3661669,3242862,3354144,407239,243660,31590,436617,264419,234435,310163,7552061,790040,38194,433059,14843,337893,264833,311392,275046,445368,51973,410719,146203,24589,368639,336673,419873,74441,296909,141560,462804,485554,128595,351974,66144,380028,266256,NT,3,1,69,-1,0,0,0,2013-12-31,2014-12-31,1993-12-31,1,1993-12-31,109196,20801,2,5,9,1
15,694908,166,817,5919070,2678530,1343512,1680885,4329075,13895,242083,225871,140745,184630,245916,336425,316612,2680105,196340,492945,305233,345114,466659,19629,235499,226041,289411,243664,27202,480719,107271,406802,499597,280773,318606,239115,409716,80297,266348,120657,223280,137472,305072,AB,9,1,17,0,0,0,0,2014-12-31,2015-12-31,1994-12-31,4,1994-12-31,29670,367447,6,1,9,1
16,4592605,995,386,4023937,4885968,100234,368465,1002074,435457,36268,305598,1112759,131294,302049,286020,8987547,3331889,499720,371300,427661,392347,449105,411592,460853,69698,224807,384902,366518,315453,88259,339946,97455,496257,43574,248204,195719,236266,197982,108826,484316,407708,30608,NT,1,0,81,0,-1,-1,0,2015-12-31,2016-12-31,1995-12-31,7,1995-12-31,302271,173126,4,1,7,0
17,4696994,437,167,1017162,1473930,2169176,3454572,1168348,208289,262751,69639,2655307,422430,454097,116698,3959219,1579027,471421,341907,341292,418589,54222,278313,221784,41157,332509,108005,175069,219195,363664,12877,283242,248487,475492,281607,233718,267308,109280,131512,88390,247994,102107,NL,2,1,51,0,0,0,-1,2016-12-31,2017-12-31,1996-12-31,7,1996-12-31,217857,77016,8,5,7,1
18,135543,260,415,6873418,2359249,739049,203882,1452189,322996,19399,238505,3060477,413993,296403,12124,5944757,2764061,7624,225972,87118,426676,415294,162792,348934,423726,182284,306140,378116,85369,373498,78334,25750,488195,84557,439937,226133,281817,314548,344791,440153,101042,457058,BC,4,2,23,0,-1,0,0,2017-12-31,2018-12-31,1997-12-31,5,1997-12-31,495505,24207,7,6,8,0
19,3862134,353,188,6390574,4689853,4019232,1822829,2885529,385663,87560,36203,2741818,441203,302179,468210,823611,4106549,498795,44637,275997,342315,30869,368324,408888,92452,402993,374551,29601,435230,498263,369397,355690,302014,282145,400562,117840,70411,422017,170481,374504,47867,353256,YT,2,0,19,-1,0,-1,-1,2018-12-31,2019-12-31,1998-12-31,4,1998-12-31,240337,357857,6,6,5,0
20,193779,19,579,1021188,3193215,4113339,4011305,3721383,82722,40210,183010,4582779,377689,87847,328919,5880251,1510658,267821,455409,74491,65734,104665,417737,385347,493253,100387,422382,286250,267129,205802,299221,71195,103282,79707,386706,100392,1544,178200,160204,148677,51973,285450,NB,6,1,31,-1,0,0,-1,2019-12-31,2020-12-31,1999-12-31,5,1999-12-31,234989,304398,8,2,5,0
21,1037669,434,421,9333048,1302083,2319214,2181745,693429,88248,279785,367168,2747913,108182,217412,120001,7713859,868893,369166,146017,350032,19757,375420,284343,44933,436344,185131,146131,83572,104393,183693,216134,23551,307419,370968,304204,83879,219376,4009,114681,155985,299713,190438,PE,4,0,24,0,0,-1,-1,2020-12-31,2021-12-31,2000-12-31,4,2000-12-31,180284,497935,1,7,3,0
22,772876,882,718,3371827,292470,3717653,675010,2735157,266537,221458,421874,1655485,110752,192115,496549,4770018,2340439,68084,399004,405282,31901,316052,166609,8140,313076,440010,343475,455254,298568,350852,221196,115352,397897,441902,216643,34557,425457,448804,278486,245184,20196,46787,NT,3,1,21,-1,0,-1,-1,2021-12-31,2022-12-31,2001-12-31,2,2001-12-31,247450,244961,9,1,8,1
23,4332695,886,902,292367,2080292,3277295,1146655,3962360,450413,395176,269270,3198656,255220,108738,169619,4349760,1229871,70656,302190,412023,210613,73452,29297,339264,463517,172213,436672,406367,261555,77831,20668,211088,254758,496853,438222,300098,117039,388815,345612,482672,88793,19261,ON,4,0,39,-1,-1,-1,0,2022-12-31,2023-12-31,2002-12-31,6,2002-12-31,327322,210087,9,3,7,0
24,4737840,157,901,1551363,872734,671076,2863196,843042,362414,378927,424675,2033915,255736,72476,45086,9739561,1178425,238029,52278,159640,372209,297925,107263,203391,78044,324828,92385,303083,211097,61981,275826,183604,413253,70910,1315,278466,50636,110127,141483,338218,77930,307568,NT,4,2,53,0,0,-1,0,2023-12-31,2024-12-31,2003-12-31,6,2003-12-31,402815,225418,7,1,5,0
25,4507323,195,152,799914,4268846,2945179,468663,687675,392263,133283,58128,741685,463007,224695,77627,3156632,518841,422992,342034,310840,317072,447179,24231,419887,315255,251923,226159,80340,481442,21890,3551,330139,203356,157556,94596,191637,331778,299030,372644,115852,29616,448685,NS,2,0,58,-1,-1,-1,-1,2024-12-31,2025-12-31,2004-12-31,4,2004-12-31,71092,287193,5,3,2,1
26,2898997,755,941,1892755,2561743,722675,4120034,4287360,140816,199082,235097,4883974,180662,477711,292156,8629234,1242339,25460,263369,329279,301733,23248,430741,491917,64196,466343,311401,26208,352393,201611,81380,407232,276904,160382,181119,364618,227322,336007,30442,66516,404022,470555,NB,9,1,25,0,-1,-1,0,2025-12-31,2026-12-31,2005-12-31,0,2005-12-31,140934,68501,7,5,8,1
27,3150868,520,155,7870569,2384999,428007,704293,2360624,307534,291387,337371,2355743,412626,339211,105279,963820,1918306,282395,226844,73621,257611,179466,303449,311870,347679,238255,333763,267418,489887,462099,405605,219626,186447,206003,236907,186063,121746,93629,245504,237137,110376,474780,NT,9,1,41,-1,-1,0,0,2026-12-31,2027-12-31,2006-12-31,5,2006-12-31,397225,468340,7,5,8,0
28,3656844,132,398,7132610,4045981,3932233,3015924,729650,302511,341934,25697,3818574,133099,140881,293405,9925806,1899326,158727,226513,278319,364427,319883,441121,49498,157082,404088,139182,262365,28593,287769,499135,95352,283090,34432,261080,8707,482458,33001,126094,411539,79708,399452,NL,6,2,16,-1,-1,-1,-1,2027-12-31,2028-12-31,2007-12-31,7,2007-12-31,338466,412985,8,3,5,0
29,2110313,43,229,9739373,2772970,3310312,2082165,1665395,238349,34871,478992,4965231,114557,40954,127016,9645611,2118024,355673,253443,162261,464611,484989,314107,353563,198132,129588,434084,98486,196824,414240,446996,457649,49145,202012,489381,98719,299071,194713,336909,325923,455205,359411,SK,3,2,94,0,0,0,-1,2028-12-31,2029-12-31,2008-12-31,2,2008-12-31,188595,191944,8,7,8,1
30,3629312,730,652,3087030,4960274,4437991,1557596,1816006,450133,76979,380093,2626247,115010,359978,315052,6878214,1703410,441542,462829,483404,294834,8707,30840,25859,486668,291397,135771,375832,250738,198415,237880,358549,317390,335186,342392,42345,418944,106822,184532,90850,103472,380105,ON,4,0,56,0,-1,-1,-1,2029-12-31,2030-12-31,2009-12-31,5,2009-12-31,345836,30533,3,7,6,0
31,4526706,609,611,6072169,944710,4865584,443435,2306187,340795,245367,244691,2462623,175980,57045,354214,8328642,3419663,350470,279916,400128,296798,197882,205916,212458,80845,493571,13807,242652,429784,173932,264652,108782,407795,313972,260316,26831,341981,380714,57282,415925,125400,269003,SK,4,0,31,0,0,0,0,2030-12-31,2031-12-31,2010-12-31,1,2010-12-31,376775,91809,7,8,7,1
32,2497913,882,276,6244292,4886658,803260,3953562,1618075,14232,7473,498764,4787523,445369,124497,56179,3052263,3099287,327064,237856,333578,309715,108058,389004,334984,480620,88055,347749,35121,323894,472156,14642,44447,13523,229167,215049,275325,468434,321330,26557,211998,131724,285654,BC,5,1,16,-1,0,-1,0,2031-12-31,2032-12-31,2011-12-31,0,2011-12-31,411984,434050,4,6,7,1
33,1704898,856,762,9910007,860141,331545,2935767,2213911,122809,52889,56037,1042520,139398,280646,322729,9262494,3169237,50963,103305,478030,91158,288628,428037,229892,230699,463359,10298,125783,37642,448650,293698,230789,468383,88881,98591,277491,28606,272460,489131,16116,433766,114614,SK,2,2,14,0,-1,0,0,2032-12-31,2033-12-31,2012-12-31,6,2012-12-31,91761,231525,6,4,7,0
34,3023053,913,633,9672054,4870740,4766495,3523206,3153403,404020,443430,378648,3211023,368577,429018,316873,5483826,4506644,57659,181351,317440,86395,486860,288178,389268,444218,99085,125397,28629,422735,155871,413231,280372,323096,311885,492891,492666,227114,350363,176525,312107,177092,258627,NT,6,2,17,0,0,0,-1,2033-12-31,2034-12-31,2013-12-31,0,2013-12-31,321501,309815,1,9,7,0
35,1146703,533,312,421569,3184891,3953224,932809,1246938,445624,423248,176443,2042171,389752,270541,84008,5802042,2843353,449510,454121,249885,380702,193084,258447,46044,281815,204474,312025,303607,450081,240168,104806,137669,125945,89509,85491,252217,239189,80705,197711,486153,472118,96672,NS,1,0,46,-1,0,-1,-1,2034-12-31,2035-12-31,2014-12-31,4,2014-12-31,342462,229405,6,5,8,1
36,4864182,393,716,7536283,650978,3226279,82640,633251,265977,386737,215350,3292658,412286,113145,488468,3170606,3232294,55250,411144,474936,165123,232112,167965,423065,47085,223176,346545,397371,83198,406544,307115,119888,69709,89191,499374,411167,334516,441365,229900,478615,449069,412784,NT,3,1,29,0,0,-1,-1,2035-12-31,2036-12-31,2015-12-31,7,2015-12-31,43048,119062,1,6,8,0
37,1789782,773,194,240691,2222537,1059169,3321070,3236319,293779,443040,178000,4307594,233317,321787,108717,4945562,2605724,458261,497135,328964,234497,50052,369729,174977,274646,345797,17490,484163,469091,375333,424304,315706,187211,251871,374081,343939,44622,241436,227375,450989,280434,434641,NS,9,1,18,0,-1,-1,-1,2036-12-31,2037-12-31,2016-12-31,5,2016-12-31,157432,114736,3,9,1,1
38,3193527,946,142,2401882,488003,543842,2484221,1231353,32015,395202,58238,4449957,178190,198893,454499,1020411,1209158,252250,240335,173337,468995,287036,134045,464589,360329,379378,199464,105464,389180,17327,59211,322660,273794,65193,459566,251477,200061,292319,98359,120276,251386,70928,MB,6,1,21,0,-1,0,0,2037-12-31,2038-12-31,2017-12-31,5,2017-12-31,27478,78636,1,6,3,1
39,3213685,864,321,8965120,171251,4336805,3345099,2497726,469396,145524,39204,3206084,169263,265361,473668,4595874,3474111,388239,355401,90770,32350,492142,280748,499444,277452,270494,61828,72136,325416,227999,239248,498388,91575,322703,47394,173827,445631,498074,405756,216177,188549,137875,NU,9,2,36,0,0,0,0,2038-12-31,2039-12-31,2018-12-31,3,2018-12-31,30559,1563,4,8,1,1
40,4962659,217,67,3001732,1247606,2441249,2655504,4866737,291707,447948,390249,4636751,134638,247487,367716,3957142,1259145,230990,332936,25007,311120,301100,489976,288298,365307,428490,160648,411347,4464,233382,35352,3654,490561,431418,493599,262370,112533,283683,248413,84746,280773,431050,AB,4,1,39,0,0,0,-1,2039-12-31,2040-12-31,2019-12-31,6,2019-12-31,167066,24353,8,3,6,1
41,1193056,403,347,8057602,784874,3521319,3490035,4544774,178049,263568,379146,2272250,406850,245261,111012,122056,190260,113153,137803,166731,197619,436804,129878,178359,413687,350169,93072,233174,88531,24465,350861,304989,163952,328971,170564,237581,346318,111257,447295,343748,421493,325300,PE,9,2,88,-1,0,-1,0,2040-12-31,2041-12-31,2020-12-31,3,2020-12-31,138868,354204,3,3,4,1
42,4855283,76,237,7078079,2896215,2586586,2534911,2025287,21715,370559,61915,4785652,338904,51978,136784,9205539,1356989,197742,411679,335203,337535,495447,207648,69879,7495,88936,485967,405148,23400,27114,143670,359743,175171,72442,48393,227550,332120,5409,483238,467920,233343,322689,YT,3,0,39,0,0,0,-1,2041-12-31,2042-12-31,2021-12-31,7,2021-12-31,166531,183451,4,6,3,1
43,2227252,982,484,5709644,4225405,4453064,2079372,131629,112905,363120,435563,112222,146832,252684,380371,3109762,3557256,200736,380897,348867,464354,422241,129918,411708,389763,13579,143484,156884,156454,260184,447064,246133,439711,483642,10020,431581,201607,195352,269233,53107,443194,229501,NU,6,1,68,0,0,0,-1,2042-12-31,2043-12-31,2022-12-31,7,2022-12-31,186201,252026,7,7,1,1
44,4927619,945,313,1053335,3875705,610728,2545067,2988836,150748,390564,58925,112451,389462,1414,316731,9456415,628996,173148,54182,69443,89504,35857,360865,63687,215671,241592,384557,374844,282542,444277,455813,124325,496149,134207,42373,250933,438243,261689,444322,470267,451536,146554,SK,4,0,86,-1,-1,-1,0,2043-12-31,2044-12-31,2023-12-31,1,2023-12-31,265840,419662,3,2,8,1
45,3461122,635,533,5586927,783569,4183275,2787286,152439,393998,387998,42685,1499000,100003,499864,141909,1078146,2233087,359951,112679,297688,460764,450132,191579,416688,282507,10613,322035,318341,384004,391109,183983,351100,51564,90877,98053,80339,406837,452362,299266,325882,76145,391968,AB,1,2,47,-1,-1,-1,-1,2044-12-31,2045-12-31,2024-12-31,7,2024-12-31,409134,452141,2,6,2,1
46,2458653,193,816,9268646,1400106,252303,2367657,175748,266022,298498,199631,3867000,81229,291816,27515,302827,1400681,406578,117388,41607,315952,232475,468194,165484,361441,422974,349041,194381,262361,352075,267540,91597,253054,345199,281382,95410,75647,225294,459891,393522,129904,397254,AB,2,1,15,0,0,0,0,2045-12-31,2046-12-31,2025-12-31,7,2025-12-31,149512,389201,7,9,7,1
47,4812508,976,225,3503275,4273161,4237093,1605996,210603,83667,406912,450417,3190104,404619,138683,88529,9431119,2470331,412053,384957,188347,239420,350687,125920,333663,216720,18955,281573,24914,20755,83994,124145,348522,244595,414005,298321,191046,155499,202520,399385,56012,358137,338722,NT,3,2,82,-1,-1,-1,-1,2046-12-31,2047-12-31,2026-12-31,2,2026-12-31,67442,153193,1,9,7,0
48,4935439,502,803,7701320,2288308,4092040,2328042,3530787,107066,60429,470426,2790901,152603,167326,224145,1484894,618484,258335,60058,445041,452590,207869,440552,261210,185861,153458,218651,389414,103441,111676,244036,486709,149189,335705,67104,51693,492050,288530,302181,275075,283939,459314,NT,9,2,87,-1,0,0,0,2047-12-31,2048-12-31,2027-12-31,0,2027-12-31,133097,437886,7,4,7,1
49,4569250,412,490,8793674,1895270,1516684,790278,2632838,199055,408784,57831,1322872,154186,34263,96822,5622001,3720530,188961,157212,1276,48419,336157,356384,410567,325305,396476,58801,164635,152212,484493,94500,472384,385252,248877,185439,189461,285541,307999,478458,15290,381655,121749,YT,4,1,60,0,-1,-1,-1,2048-12-31,2049-12-31,2028-12-31,5,2028-12-31,5889,421750,2,5,1,1
50,4892829,968,657,1447822,1735566,526367,896506,3391295,370543,407198,437786,335313,331687,305101,461962,3761774,4768277,65672,81864,203731,344192,112059,4774,275832,497621,354763,346555,169727,314898,77028,189107,116165,237604,451741,296438,375826,397667,61559,395882,142283,296366,43601,MB,1,2,34,0,-1,0,0,2049-12-31,2050-12-31,2029-12-31,1,2029-12-31,423970,449410,3,8,6,1
51,3787019,938,657,2675776,2462180,2966803,4353947,2385178,419772,33351,423813,3791608,401052,299133,275418,918124,463106,150202,402999,474708,152955,11947,255733,314710,226495,422350,172620,357180,334141,51285,383611,499931,304249,492873,97498,73933,291698,394890,465433,393997,392764,425045,YT,6,1,77,0,-1,-1,0,2050-12-31,2051-12-31,2030-12-31,7,2030-12-31,210613,452722,1,9,5,0
52,488884,264,415,9681777,4577957,4641691,2170333,1781567,258247,490436,162306,1113640,68958,488176,150735,1867934,198368,57789,259849,166471,286067,65157,236346,132221,117991,493852,49430,73541,257699,70491,77190,309168,262875,10569,49198,478883,118804,274483,385836,351542,160788,270979,NB,1,0,43,-1,-1,0,-1,2051-12-31,2052-12-31,2031-12-31,4,2031-12-31,114037,348929,8,8,3,0
53,1525079,192,731,6543095,2781143,1578422,599010,2093551,316615,321420,322280,4955693,119402,121523,303613,1752488,1406452,121394,255637,446618,85275,59180,197580,393417,204698,177630,201939,252403,11563,286924,439002,425429,208522,294294,8834,26849,115539,112875,162966,312741,288702,395609,NB,2,1,18,-1,-1,0,0,2052-12-31,2053-12-31,2032-12-31,4,2032-12-31,193243,308958,3,7,2,0
54,3846234,701,951,2287959,3980859,3467884,3500379,630845,414282,193514,275745,1699417,161581,373812,230903,5546580,3409577,218208,189921,378344,76337,281750,382260,95485,344795,410106,169026,482255,322825,394167,124628,489283,89788,356889,435207,369984,114289,342138,199491,387365,210154,237645,BC,5,1,65,0,-1,0,0,2053-12-31,2054-12-31,2033-12-31,2,2033-12-31,350701,196534,6,5,7,1
55,3419847,494,906,5405692,3545043,2521049,3218625,706750,336492,188898,64349,1685133,44284,245313,102468,4767627,1932230,41861,198828,36127,68504,381914,33329,76019,60631,114201,484383,161328,70884,242691,160927,299171,353004,404746,314810,88744,89961,460550,451225,417399,86465,147728,NT,5,0,40,-1,0,-1,0,2054-12-31,2055-12-31,2034-12-31,0,2034-12-31,496600,57468,9,6,7,0
56,2511789,684,552,6351488,3402448,968014,1739226,2475689,75377,158971,286438,4923102,489247,170495,110889,9769412,2825805,7623,190270,403019,291989,371918,70945,150679,255822,270860,439261,256742,52619,103722,25891,269234,163770,4557,265593,12382,295973,290081,94656,40858,329295,323693,NT,1,0,65,0,0,0,-1,2055-12-31,2056-12-31,2035-12-31,4,2035-12-31,497882,315577,2,2,1,0
57,2874632,58,39,4590912,352287,2122432,4405196,3050887,336579,400210,125790,4418853,334556,115328,301733,1327488,4640289,255312,138746,277090,484953,329515,102044,226650,155419,346346,172484,277328,71677,236294,377775,31621,250472,479288,460146,305069,10956,320881,392551,159765,57290,386672,AB,1,1,32,-1,-1,0,0,2056-12-31,2057-12-31,2036-12-31,7,2036-12-31,43305,95258,4,6,3,1
58,1937184,478,861,3202663,2363159,4773694,2049433,3303177,394417,395463,247490,157405,254755,144919,239288,1919533,2209829,129943,102165,263817,133855,336514,93765,158935,270452,63625,192759,121503,224757,290024,311297,334813,311429,344266,460842,217343,407898,455794,416247,181935,87017,430462,AB,3,1,21,0,0,-1,0,2057-12-31,2058-12-31,2037-12-31,6,2037-12-31,219674,455235,4,3,6,1
59,3403290,40,738,5289128,2176013,1982468,4222126,2399654,368636,223369,264217,4189795,109934,413465,131841,3367632,4975827,162111,335013,352894,110104,491417,474562,317929,123043,225566,299515,389253,435141,454965,91164,424987,30436,66088,285607,119449,149786,229606,224797,265478,106656,241747,NT,5,0,35,-1,-1,0,-1,2058-12-31,2059-12-31,2038-12-31,3,2038-12-31,368106,246688,7,4,1,0
60,1605854,901,948,7756464,3792952,4119296,1602100,4957717,188383,63191,195420,3580098,212098,325086,5306,6450720,2684284,419554,487460,48224,135538,436753,332619,482039,103634,245502,93608,29983,489427,128292,434222,32597,423479,132703,122564,223701,143102,23880,178849,180016,112347,442779,QC,3,2,38,-1,-1,0,-1,2059-12-31,2060-12-31,2039-12-31,3,2039-12-31,181548,283138,3,3,7,0
61,3963028,172,417,6590271,4434775,2528092,2936907,1434450,280870,343727,433406,811034,142428,335054,449783,4288986,283018,184434,289927,360197,370137,85642,293630,201624,116984,429292,460605,72253,274197,371583,136862,182811,275013,296960,112704,47270,81614,331638,313679,440750,355784,104204,NS,1,1,23,0,0,0,-1,2060-12-31,2061-12-31,2040-12-31,2,2040-12-31,331339,236274,3,1,4,0
62,3946852,602,463,8375206,2041707,1621857,3761242,290369,375353,345753,79229,4613762,48668,61124,66704,5164847,2562584,418509,426699,324499,245756,284233,225164,273334,150192,330969,141079,171290,268023,52903,428719,498491,205888,397218,216853,349641,374313,443217,153189,494022,250393,470310,SK,6,2,24,-1,0,0,-1,2061-12-31,2062-12-31,2041-12-31,5,2041-12-31,265243,212627,7,2,4,1
63,3025907,99,467,4580196,1268904,2628434,894700,3482076,435784,231526,398400,2232705,446922,10293,240235,9675332,238141,389018,303375,188074,35323,36177,316397,422769,405639,117211,79095,359189,197934,15023,134445,285246,33840,51439,312472,204647,179661,219989,81320,238968,4901,249110,QC,1,1,23,0,-1,0,0,2062-12-31,2063-12-31,2042-12-31,7,2042-12-31,224371,165870,2,4,1,0
64,1442464,895,469,7506700,2137423,3260302,2014180,1372743,297232,248829,70294,2038362,146885,335571,180225,7023076,4898267,292967,105542,284968,387197,264563,148488,231973,463821,114455,350098,464229,225470,345675,257430,412201,418791,328945,442542,427618,44140,374254,16715,59815,101584,25036,BC,3,1,37,-1,0,-1,-1,2063-12-31,2064-12-31,2043-12-31,0,2043-12-31,376180,385032,1,8,8,0
65,1285366,940,3,4999955,463213,3951376,647559,3837176,377114,277241,238234,2369661,330695,173985,198331,8564852,4961087,70269,100266,82216,35880,221706,236937,4314,272890,255023,479204,208678,194371,118960,201696,136606,5118,409694,308196,379744,420487,45058,361381,389798,432623,321393,NS,3,0,35,-1,0,-1,-1,2064-12-31,2065-12-31,2044-12-31,1,2044-12-31,26927,262001,2,9,4,0
66,4935158,915,242,9835262,2131626,1240401,4175226,4982283,378377,431576,259581,4870992,429271,442745,118552,9361724,1643384,83105,200224,27747,117621,162344,204868,270654,138938,240648,143885,351936,227870,278367,171058,474288,460566,278703,303627,94075,224362,178479,68687,264154,489630,201371,PE,4,1,90,0,-1,-1,-1,2065-12-31,2066-12-31,2045-12-31,6,2045-12-31,168528,242961,1,1,9,1
67,397776,10,22,203866,93163,3760490,2092299,1112029,454523,30943,108643,2284775,461144,433124,90257,6646772,3036876,67924,493176,40475,358103,250929,305441,448511,186649,286156,365877,478398,137953,217612,418684,51868,5422,425401,439628,96564,307049,265753,145994,356414,85026,158943,SK,5,1,64,0,-1,-1,0,2066-12-31,2067-12-31,2046-12-31,1,2046-12-31,207949,44865,1,5,7,0
68,300118,482,263,5156013,1349628,4080621,3797059,1648131,208863,155414,243938,1408313,26155,345466,188278,6985966,173056,108642,302554,117111,294514,488275,222798,173939,182852,388781,440142,126170,82873,144516,105495,96956,273339,61804,216722,386884,354795,303923,360704,379196,479816,164226,NS,3,2,35,0,-1,0,0,2067-12-31,2068-12-31,2047-12-31,4,2047-12-31,186703,31223,2,2,1,0
69,402519,962,85,8835573,3227088,3444997,267592,4698007,240228,115280,71180,2875954,102051,209185,289467,6380609,372503,193601,236758,410549,136996,214289,36242,110846,17048,160457,176772,226971,174105,318945,238330,338536,171347,411448,406630,58717,179394,182185,304207,147579,272842,497206,NT,5,2,68,0,-1,-1,0,2068-12-31,2069-12-31,2048-12-31,1,2048-12-31,156196,248080,8,6,1,0
70,2618576,628,984,2913486,4227393,3992729,4547298,1939988,211380,198045,28694,4521592,234545,270145,171465,6289412,123196,302750,123323,136950,293347,229950,416766,188793,218187,136045,250755,462850,268557,358592,135648,248221,385300,285240,90981,480580,173754,123044,106228,325440,210806,103617,MB,3,0,67,-1,0,0,-1,2069-12-31,2070-12-31,2049-12-31,4,2049-12-31,287074,318966,5,2,2,1
71,3301874,22,178,5292602,58406,2189335,4613027,409551,51340,29951,271782,735253,12974,344800,249797,9616529,3068554,370393,324314,391378,269775,178135,267797,259223,83805,66824,58686,433050,210862,228346,272771,57270,221419,444440,264871,148114,397639,87799,69195,124245,156934,383584,ON,4,1,62,-1,0,0,0,2070-12-31,2071-12-31,2050-12-31,5,2050-12-31,225567,240987,3,1,2,1
72,3127941,428,845,8828747,4521680,4274211,98133,4051788,181028,310327,45125,1098421,280067,305933,74594,953788,1758295,32185,461394,124655,432691,399172,18985,41675,493405,173751,179649,314123,431975,264739,305394,139364,83447,28674,268993,95560,57322,316754,225280,36073,140251,270460,NT,4,1,35,0,0,-1,-1,2071-12-31,2072-12-31,2051-12-31,6,2051-12-31,477952,446972,8,3,8,0
73,4187598,994,957,2383131,2350262,2285914,4340942,4373814,161755,378556,165913,1211328,251869,21006,419550,8054834,817128,320508,248065,72622,175590,351789,457953,493164,364265,231237,306582,368780,275317,260012,185463,369615,114079,357145,138565,155784,64746,200076,54803,28859,239242,265805,BC,4,2,70,-1,0,-1,-1,2072-12-31,2073-12-31,2052-12-31,7,2052-12-31,465903,51009,8,1,4,0
74,1525123,966,223,6935350,3320850,303683,2581422,1575708,446802,277495,463849,4471701,175354,232654,36521,593894,2721591,221676,205861,451874,184566,197556,221797,264025,362180,127370,221046,195303,273484,146290,411571,250739,266804,193883,327016,373722,379786,358102,378650,142632,499146,261008,NL,5,2,24,-1,-1,-1,-1,2073-12-31,2074-12-31,2053-12-31,6,2053-12-31,115084,79934,9,6,2,1
75,2394155,160,321,7007186,4988071,1249683,3573529,4992420,298460,392364,155256,1453483,335221,382351,131291,8911038,2625814,491490,498328,428317,363028,86115,299074,441757,442970,303536,149408,12310,105463,170019,7252,470447,161035,333614,215880,125303,265234,151452,151662,339637,241194,27568,BC,3,1,61,-1,-1,0,-1,2074-12-31,2075-12-31,2054-12-31,3,2054-12-31,167137,262099,1,2,1,1
76,4404539,272,198,4049023,678998,2269483,2075927,2328578,158355,402747,129223,2369181,147997,461120,183035,1834524,2942601,435075,348444,1753,249474,113124,349413,138716,344071,36892,73217,444978,462311,30601,136979,438071,394700,192428,133701,310341,250376,367870,141455,303046,296366,345314,NU,9,0,43,-1,0,0,0,2075-12-31,2076-12-31,2055-12-31,3,2055-12-31,360359,467374,7,6,6,0
77,2380280,502,651,3950505,1001090,2497203,955762,900086,403986,360185,23785,1960740,423930,429648,271603,8412718,4776984,396144,335902,154551,428742,269887,20280,124881,335750,162199,260695,245673,95509,427007,380677,208792,85307,298195,237359,419858,107215,34158,90011,152194,275987,208151,SK,9,0,68,0,-1,0,-1,2076-12-31,2077-12-31,2056-12-31,1,2056-12-31,476104,61260,5,5,7,1
78,4040203,201,324,395937,1046028,1162135,4222915,3484069,45996,345239,76598,4542574,494931,423271,158112,866858,2372678,111821,298724,219091,333428,470567,421118,356687,300593,244900,57050,63158,195334,329415,494867,36684,478339,367780,135926,6430,43680,157949,252631,217528,448611,53084,PE,9,0,35,0,-1,0,-1,2077-12-31,2078-12-31,2057-12-31,5,2057-12-31,131053,478070,7,2,8,1
79,3079250,642,950,1935906,4658662,705653,2926669,3713464,468213,399155,291179,3721631,217439,157361,202576,3453938,3872530,33712,116046,193573,302035,494608,149596,70776,463916,331750,331089,228305,163800,341903,391832,243182,275274,284244,247206,352010,444531,350274,414977,263547,46146,458900,NS,6,2,47,0,0,0,-1,2078-12-31,2079-12-31,2058-12-31,2,2058-12-31,67692,186091,9,7,8,0
80,3625028,973,958,6395014,4210939,415794,2025059,3524178,198396,327040,99469,2761104,14841,494052,361556,1763112,1009352,435772,104252,21761,202915,74423,188744,447454,297747,16557,176489,231072,276912,85822,217855,399396,142992,165423,329520,320482,443139,275073,123362,58424,239764,184239,SK,3,2,69,-1,0,0,-1,2079-12-31,2080-12-31,2059-12-31,3,2059-12-31,404128,291950,2,2,6,0
81,1331845,877,366,1560551,170890,1957118,3957175,1208731,112452,27170,146079,2094788,54043,493226,184283,7391018,2207285,175758,392566,349862,335887,328358,112600,414244,207662,430908,406979,134288,172496,393058,35127,304033,206742,285731,367947,310287,463179,42985,152143,163323,172343,232807,NT,4,0,83,-1,0,-1,0,2080-12-31,2081-12-31,2060-12-31,6,2060-12-31,453443,445558,2,7,9,1
82,2470477,627,770,5904299,1874686,2675035,1215720,1513284,310965,487723,341794,234093,489837,423641,142113,1669170,1449203,47096,112386,399453,27736,297613,85916,61942,421878,137291,156296,317414,58170,382951,264763,77882,245729,12643,175686,39643,135795,306425,19030,104370,38865,312583,ON,6,0,82,0,-1,0,0,2081-12-31,2082-12-31,2061-12-31,3,2061-12-31,379313,69558,1,5,5,1
83,4797355,176,728,9873947,2734926,680462,1300201,3266031,123915,147276,369176,2337423,468856,114570,337181,9635861,4429094,138832,157212,163609,194406,137696,115744,20830,254444,46834,385401,382380,479236,45961,433902,359105,171965,430341,102350,76468,27132,201613,328120,346454,188898,142103,MB,9,2,51,0,0,0,-1,2082-12-31,2083-12-31,2062-12-31,2,2062-12-31,462620,197935,8,9,7,1
84,461574,933,318,4842105,4304827,3336592,3133142,1449127,221168,209169,438533,3505184,245592,382422,448456,2264174,1969988,203297,79674,331258,145439,39364,87234,360166,153074,497218,98517,267465,325840,240512,343412,158878,129959,98437,134895,456101,198906,130313,276467,319626,336620,326474,QC,4,0,43,0,-1,0,0,2083-12-31,2084-12-31,2063-12-31,3,2063-12-31,491429,196214,2,2,9,1
85,1793551,380,26,2939105,703276,2007782,2181324,2458303,426060,331220,296669,2685310,94113,158286,160782,8006220,3793274,233242,276081,379395,273555,76199,168431,217594,61704,455435,300286,174930,283162,388675,80146,150984,384369,294792,398528,377044,191322,2252,425056,352170,490337,373911,NS,9,2,81,0,0,0,0,2084-12-31,2085-12-31,2064-12-31,5,2064-12-31,129386,239857,5,1,6,1
86,4034074,565,865,8864054,3688594,2278917,1170617,3662201,115101,290735,238417,2591799,25424,242794,474160,1641118,1648542,245205,131140,253794,79745,296872,308651,115171,342241,328631,347699,159875,476508,340464,333273,201065,468514,352946,207454,352177,263730,19041,330660,261446,28790,389554,SK,6,1,93,-1,-1,0,0,2085-12-31,2086-12-31,2065-12-31,7,2065-12-31,474497,209811,6,6,1,0
87,826628,432,988,1246615,1810908,3529222,2619267,2244149,114252,128376,490833,1026185,459718,30978,322293,4192484,3415916,101242,419697,203222,450819,448854,5762,446583,481370,436372,325687,306611,401892,372196,449321,330642,498706,367451,127090,115389,67967,122346,418661,406208,67420,391804,NS,6,2,71,-1,0,-1,0,2086-12-31,2087-12-31,2066-12-31,1,2066-12-31,21331,33037,1,9,4,0
88,4135815,161,251,8802022,1824278,970822,3966087,635345,340300,386402,244414,1251683,341537,243182,149261,6823373,4112581,109757,59113,158589,180042,378745,324687,63706,474141,390427,159445,226730,94081,266756,462599,374824,20475,468256,437466,123760,36013,192914,262701,89695,98454,265226,PE,2,2,47,0,0,0,0,2087-12-31,2088-12-31,2067-12-31,6,2067-12-31,32689,299359,3,3,5,0
89,503351,122,56,1756456,1266237,3387992,4415974,3341631,419129,135598,393284,4369202,278951,339729,136617,8024609,1251527,151161,370124,499292,360727,138860,428993,369310,374901,299070,499582,292883,110014,332350,158015,132139,129956,236664,274344,353828,131185,414322,159044,138067,485805,155746,PE,5,2,12,0,-1,0,-1,2088-12-31,2089-12-31,2068-12-31,4,2068-12-31,492987,406726,7,3,4,0
90,4589050,361,747,6771178,1590047,2614738,2135085,648000,128712,254528,83587,678850,216417,37983,440672,261551,861981,207789,110578,231828,359554,387754,124137,197687,311981,331943,401913,493769,390848,125161,183818,44123,122159,31534,470036,267347,307663,380526,340464,374429,56689,53717,MB,6,2,46,0,0,-1,0,2089-12-31,2090-12-31,2069-12-31,1,2069-12-31,279856,46203,4,2,2,1
91,2768403,9,240,892403,2393386,285850,2864755,4130760,119119,191516,87984,1862626,328717,388073,334347,1173008,1019365,175092,431336,431121,316315,146682,263209,281074,450385,369591,393997,389653,253443,449964,168289,101274,53174,169302,385876,486445,441057,78620,228738,223287,317895,484670,NU,1,1,40,0,-1,-1,0,2090-12-31,2091-12-31,2070-12-31,6,2070-12-31,390888,142632,5,1,5,0
92,1054013,945,221,2502606,3874067,416135,2283124,4129253,235722,253471,127359,3151193,384444,345864,260463,3965848,2042552,193986,119265,388547,394875,290265,259498,183797,270556,61011,131795,257375,307248,86250,95292,437077,428299,103744,150878,499502,43518,6782,191033,388670,227695,29417,NL,2,2,59,0,0,-1,-1,2091-12-31,2092-12-31,2071-12-31,5,2071-12-31,129370,249341,9,9,7,1
93,4484850,148,306,9929941,4530956,1360648,2975524,1744235,257703,343430,86002,3304833,394348,415881,272665,4093500,4845445,441301,179988,112750,128878,122807,375421,304570,167364,149398,83720,469489,20412,373671,470243,163907,209013,122880,123920,497774,266311,114153,415197,5325,260509,473785,SK,5,0,93,-1,0,0,-1,2092-12-31,2093-12-31,2072-12-31,1,2072-12-31,424427,471958,4,4,4,0
94,2134167,151,96,8924381,3663716,325230,662231,3133557,201710,174271,447133,2549735,83575,14673,145482,9240720,2323244,302676,199944,101416,81690,330646,77666,332548,67030,325210,133063,225841,89552,205869,417080,472717,178497,52660,422332,85467,393341,17506,454551,147423,15320,52947,SK,1,1,92,0,0,-1,0,2093-12-31,2094-12-31,2073-12-31,2,2073-12-31,427185,392800,8,3,3,1
95,2466835,725,944,3140619,1701649,4520873,465251,3862175,192842,216184,47897,4716080,472090,274294,280309,6437136,2360535,332500,487983,412183,9695,250809,271721,262524,3663,350226,201567,481126,375191,291486,9054,127819,461909,57734,235270,59446,468375,26047,31728,28472,235494,164007,NS,5,2,76,-1,-1,0,-1,2094-12-31,2095-12-31,2074-12-31,6,2074-12-31,31360,6439,2,5,8,1
96,1867395,202,540,9391660,3667589,3456761,4877554,954581,63783,84312,481787,1255565,379840,229037,247608,5570710,847543,185972,28578,217374,11783,74067,203515,72767,295041,481568,443236,393514,116975,296728,165971,218113,383053,347986,158746,250576,219007,230201,31428,16595,203148,67753,NU,1,1,91,-1,-1,-1,-1,2095-12-31,2096-12-31,2075-12-31,2,2075-12-31,68357,230546,6,2,4,0
97,4279159,839,722,2003304,2883365,849338,3945888,2786746,76574,288101,292081,4161636,292285,438639,398715,8638045,3225607,169444,148087,13662,100195,292054,365274,152048,52347,210398,368945,295207,301771,401703,449089,26355,116132,182642,224830,370762,93599,296121,386352,376475,106857,381974,NB,6,2,53,0,0,0,0,2096-12-31,2097-12-31,2076-12-31,1,2076-12-31,83986,19708,2,3,1,0
98,3629778,782,267,7533297,1951972,4233192,3212659,4753565,406432,444168,258261,124787,424796,75902,223094,7628138,3241718,85077,267423,364852,274448,302691,482621,268387,238535,431887,208313,387509,287576,147168,277109,495026,117588,461903,14698,403237,390879,465818,496730,34504,220645,484726,NB,3,1,51,-1,-1,0,-1,2097-12-31,2098-12-31,2077-12-31,6,2077-12-31,211879,67939,8,6,8,0
99,4872003,529,805,9286566,3626663,1897767,224320,3995960,46396,91131,101378,4132272,367878,29705,189887,7306806,1657929,162156,316491,129224,113507,175210,115342,202188,90183,478704,220063,115873,291034,300282,318709,436397,466116,398812,278550,314918,199884,70235,332879,288594,350144,93575,SK,9,2,47,-1,-1,0,0,2098-12-31,2099-12-31,2078-12-31,7,2078-12-31,262063,46131,6,7,2,1
100,1192031,267,958,3337637,696113,4882872,3596906,2032396,265687,114846,253546,3768172,70453,281921,379731,3701521,487394,6322,255439,373092,225778,252634,387967,74041,493820,470434,43308,186465,50074,405638,22102,3332,304349,400675,89289,399043,336953,78312,460741,290301,120721,331326,SK,2,2,87,0,-1,-1,-1,2099-12-31,2100-12-31,2079-12-31,7,2079-12-31,461965,122095,2,9,4,0
